breast_id,pred_score
00213_R,
00228_L,
00437_R,
01134_L,
01298_L,
01432_R,
01533_L,
01661_R,
01690_L,
01690_R,
01838_L,
01859_R,
01994_R,
02088_L,
02192_L,
02336_L,
02541_R,
02713_R,
03144_R,
03235_R,
03238_L,
03267_L,
03354_L,
03404_L,
03404_R,
03474_L,
03694_R,
04408_R,
04559_R,
04618_R,
05052_R,
05364_L,
05861_L,
06172_L,
06352_R,
06735_L,
06993_L,
07014_L,
07055_R,
07336_R,
07582_R,
07632_L,
07720_L,
07722_R,
07730_R,
07799_R,
08032_R,
08049_R,
08218_L,
08306_L,
08450_L,
08747_L,
08809_L,
08817_R,
08884_L,
08884_R,
08964_L,
09062_R,
09100_R,
09269_R,
09283_R,
09392_R,
09491_R,
09996_R,
10139_R,
10304_L,
10375_L,
10632_R,
11089_L,
11090_R,
11207_R,
11242_R,
11280_R,
11475_L,
11560_R,
11581_L,
11581_R,
11621_R,
11829_L,
12006_R,
12016_R,
12021_L,
12021_R,
12149_L,
12188_R,
12267_R,
12298_L,
12447_R,
12487_R,
12531_R,
12849_R,
13001_R,
13273_L,
13290_L,
13712_R,
13714_R,
13764_L,
13978_L,
13986_R,
14019_R,
14084_L,
14171_R,
14304_L,
14427_R,
14838_R,
14885_R,
15027_L,
15094_L,
15173_R,
15262_R,
15288_L,
15476_R,
15598_R,
16054_R,
16065_L,
16104_R,
16212_R,
16526_L,
16700_L,
16799_L,
16822_R,
17021_L,
17221_R,
17251_R,
17418_L,
17691_L,
18147_L,
18178_L,
18585_L,
18585_R,
18658_L,
18968_L,
19420_R,
19484_R,
19504_L,
20180_L,
20181_R,
20208_L,
20246_R,
20285_L,
20722_L,
20752_R,
20770_L,
21228_R,
21251_L,
21820_L,
21848_L,
22118_R,
22162_R,
22824_R,
22849_L,
22904_R,
23361_R,
23592_L,
23712_L,
24701_L,
24795_L,
24845_L,
25049_L,
25307_L,
25787_R,
25840_L,
26024_R,
26242_L,
26364_L,
26497_R,
26585_R,
26810_R,
26928_L,
27182_L,
27400_R,
27683_L,
27960_R,
28228_L,
28579_L,
28579_R,
28794_L,
29016_R,
29070_R,
29119_R,
29315_R,
29339_L,
29449_L,
29515_L,
29515_R,
29678_L,
29825_R,
30051_R,
30565_R,
30963_L,
30991_R,
31109_L,
31153_L,
31192_L,
31231_L,
31264_L,
31499_L,
31542_R,
31720_R,
31925_L,
31960_R,
32048_L,
32048_R,
32281_L,
32281_R,
32320_R,
32539_R,
32731_L,
32885_L,
33037_R,
33204_L,
33204_R,
33217_L,
33228_R,
33794_L,
33886_R,
34185_L,
34401_R,
34441_R,
34493_R,
34664_R,
35116_R,
35314_L,
35847_R,
35862_L,
35893_L,
36086_L,
36086_R,
36087_L,
36087_R,
36129_L,
36673_L,
36782_L,
37063_R,
37082_L,
37082_R,
37234_L,
37558_L,
37828_R,
37941_L,
38041_R,
38121_R,
38181_L,
38254_L,
38587_L,
38720_R,
38824_L,
38938_L,
38955_R,
38990_L,
39118_L,
39118_R,
39177_L,
39325_R,
39474_R,
39505_R,
39605_R,
39688_R,
39782_R,
39837_L,
40396_L,
40500_R,
41187_L,
41402_R,
41653_L,
41810_R,
41864_L,
41959_L,
42107_L,
42247_L,
42397_R,
42528_L,
42528_R,
42941_R,
42991_L,
43394_L,
43419_R,
43498_L,
43683_L,
43705_L,
43727_L,
44029_L,
44837_R,
45015_R,
45184_L,
45276_R,
45441_L,
45441_R,
45653_L,
45669_R,
45750_L,
45768_R,
45839_L,
46002_L,
46258_R,
46791_R,
47052_L,
47194_L,
47277_L,
47593_L,
47811_L,
47876_L,
48314_R,
48407_L,
48431_R,
48631_L,
48673_R,
48681_L,
48685_L,
48964_L,
49010_R,
49034_L,
49061_R,
49103_R,
49152_L,
49450_L,
49450_R,
49521_R,
49530_L,
49568_R,
49700_R,
49702_R,
49861_R,
50427_R,
50656_R,
50792_R,
51030_L,
51217_L,
51320_L,
51376_L,
51474_L,
51486_L,
51486_R,
51570_L,
51876_L,
51876_R,
51886_L,
51970_L,
52066_R,
52388_R,
52399_L,
52488_L,
52563_L,
52595_R,
53310_R,
53904_L,
54068_L,
54804_R,
55014_L,
55155_R,
55176_R,
55238_L,
55541_R,
55582_R,
55673_L,
55753_R,
55960_L,
56000_R,
56255_L,
56296_R,
56604_R,
56614_R,
56661_L,
56661_R,
56910_R,
57088_L,
57233_L,
57388_R,
57456_L,
57591_R,
57719_R,
57893_R,
58040_L,
58334_L,
58334_R,
58442_R,
58626_R,
58670_R,
58720_R,
58837_R,
59324_L,
59767_L,
59808_L,
59989_L,
60061_L,
60203_L,
60315_R,
60393_L,
60666_L,
60708_L,
60911_L,
60973_R,
61081_L,
61373_R,
61411_R,
61451_R,
61613_R,
61660_R,
62182_R,
62362_L,
62496_R,
62602_R,
62816_L,
63038_R,
63186_L,
63314_L,
63473_L,
63536_L,
63697_L,
63872_L,
63902_R,
64166_R,
64291_R,
64325_L,
64478_R,
65127_R,
65389_R,
65500_L,
65702_R,
66027_R,
66217_L,
66816_L,
66934_L,
67168_R,
67322_L,
67579_R,
67800_L,
67820_L,
68037_L,
68037_R,
68415_R,
68438_L,
68508_R,
68671_L,
68671_R,
68716_R,
68804_R,
69018_R,
69434_R,
69525_L,
69563_R,
69724_R,
69741_L,
69757_R,
69768_L,
69927_L,
70083_L,
70200_L,
70386_L,
70425_R,
70446_L,
70487_R,
70587_R,
70815_L,
70918_L,
70930_R,
70974_L,
71496_L,
71609_R,
71991_L,
72214_L,
72282_L,
72694_L,
72761_R,
72954_R,
73024_R,
73179_L,
73291_R,
73332_L,
73585_L,
73595_L,
73676_L,
74092_R,
74385_L,
74386_L,
74386_R,
74417_R,
74581_L,
74630_R,
74659_L,
74668_L,
74710_L,
75044_R,
75300_L,
75499_L,
75524_L,
75557_L,
75835_R,
75964_R,
76051_R,
76478_R,
76851_L,
77102_R,
77412_L,
77577_R,
77637_L,
77752_R,
77814_R,
77894_L,
77920_L,
77947_R,
78159_L,
78304_L,
78786_L,
78823_R,
78831_R,
79162_R,
79173_R,
79361_L,
79433_R,
79547_R,
79576_L,
79627_L,
79754_R,
80169_L,
80178_R,
80214_L,
80214_R,
80486_R,
81211_L,
81472_R,
81523_L,
81575_L,
82015_R,
82178_L,
82196_L,
82381_R,
82534_R,
82859_L,
82862_R,
82937_L,
83000_L,
83099_R,
83338_L,
83338_R,
83416_R,
83433_R,
83476_L,
83559_L,
83711_R,
83753_L,
83865_L,
83905_L,
84136_R,
84171_L,
84407_L,
84779_L,
84779_R,
84850_R,
84943_L,
84992_L,
85085_R,
85286_L,
85539_R,
85946_L,
86378_R,
86381_L,
86438_L,
86438_R,
86936_R,
87192_R,
87397_L,
87591_R,
87812_L,
87855_L,
88015_L,
88039_R,
88116_L,
88191_L,
88364_R,
88504_L,
88556_L,
88875_L,
88882_L,
89535_R,
89679_R,
89773_L,
90332_L,
90537_R,
90630_L,
90753_R,
91063_L,
91100_R,
91385_R,
91446_R,
91823_R,
91917_L,
92299_R,
92394_R,
92840_R,
93031_R,
93339_L,
93356_R,
93528_R,
93715_L,
93851_L,
94140_L,
94299_L,
94453_R,
94508_L,
94862_L,
94862_R,
95131_L,
95131_R,
95181_R,
95198_L,
95319_L,
95336_L,
95370_L,
95425_L,
95426_R,
95490_L,
95530_R,
95613_R,
95657_R,
96048_R,
96220_L,
96288_R,
96390_R,
96552_L,
96633_R,
96754_L,
96843_R,
96952_R,
97068_L,
97101_L,
97119_L,
97158_R,
97194_R,
97295_L,
97492_L,
97492_R,
97536_L,
97752_R,
97816_R,
97893_R,
98050_R,
98146_L,
98219_R,
98451_R,
98565_L,
99280_L,
99280_R,
99599_R,
99648_L,
99696_L,
99813_R,
99856_R,
99976_L,
99999_L,
